_RAJ2000	_DEJ2000	r_Name	Name	Vmag	B-V	B-R	Rad	HRV	e_HRV
190.17133	-11.51389	RZ 	1003	19.09	 0.92	 1.53	12.13	   63.0	 20.0
190.17112	-11.90330	RZ 	1005	19.65	 0.79	 1.32	19.66	   63.0	 28.0
190.30521	-11.80401	RZ 	 102	21.62	 0.56	 0.98	21.08	  296.3	 11.1
190.16762	-11.32327	RZ 	1030	20.29	 0.63	 1.06	20.58	  178.0	 47.0
190.16637	-11.43319	RZ 	1039	20.49	 0.71	 1.18	15.11	  278.7	  6.8
190.16592	-11.61532	RZ 	1045	19.67	 0.76	 1.24	 9.90	 1025.5	 26.9
190.16387	-11.68800	RZ 	1059	19.29	 1.07	 1.76	10.52	   62.0	 30.0
190.16379	-11.86889	RZ 	1060	19.83	 1.07	 1.77	17.69	  -15.0	 36.0
190.16375	-11.75302	RZ 	1061	20.70	 0.65	 1.09	12.49	  259.3	 10.9
190.16250	-11.91721	RZ 	1070	19.68	 0.73	 1.21	20.13	 1005.9	 31.6
190.15612	-11.78921	RZ 	1131	20.64	 0.61	 1.03	13.64	  296.5	  7.8
190.15517	-11.89399	RZ 	1141	21.25	 0.74	 1.23	18.70	   84.1	 39.9
190.15500	-11.51642	RZ 	1145	20.65	 0.55	 0.95	11.25	  274.9	  5.4
190.15475	-11.39576	RZ 	1149	21.19	 0.93	 1.53	16.47	   96.0	 45.0
190.15467	-11.76699	RZ 	1150	19.29	 0.74	 1.18	12.64	 1046.2	  6.2
190.15433	-11.49083	RZ 	1154	19.44	 0.66	 1.18	12.16	  775.9	 11.2
190.15387	-11.68821	RZ 	1157	23.58	 0.65	 1.10	 9.98	 1581.0	 49.0
190.15321	-11.50717	RZ 	1164	20.46	 0.56	 0.98	11.49	  773.3	157.2
190.15308	-11.71856	RZ 	1167	19.38	 0.56	 0.94	10.78	   44.0	 45.0
190.15146	-11.68280	RZ 	1191	20.37	 0.73	 1.22	 9.72	 1264.0	  8.0
190.15142	-11.65937	RZ 	1192	21.20	 0.63	 1.05	 9.30	 1202.0	 10.0
190.30275	-11.32955	RZ 	 120	20.22	 0.88	 1.51	25.15	  227.6	 12.9
190.15012	-11.63865	RZ 	1210	22.66	 0.61	 1.09	 9.01	 1191.0	117.0
190.14737	-11.69349	RZ 	1233	21.41	 0.92	 1.50	 9.76	 1230.7	 52.5
190.14542	-11.47953	RZ 	1253	20.02	 0.63	 1.13	12.23	  916.0	 28.8
190.14483	-11.63617	RZ 	1255	19.81	 0.73	 1.24	 8.69	  850.4	  7.8
190.14475	-11.83850	RZ 	1256	20.28	 0.97	 1.60	15.55	  102.0	 46.0
190.14150	-11.65981	RZ 	1278	19.13	 0.95	 1.56	 8.74	  167.0	 30.0
190.14100	-11.75572	RZ 	1288	20.45	 0.74	 1.25	11.59	 1142.0	 11.9
190.14092	-11.60536	RZ 	1290	22.35	 0.57	 0.97	 8.49	 3844.0	 57.0
190.13833	-11.67773	RZ 	1308	23.55	 0.81	 1.41	 8.90	 1146.0	 26.0
190.13771	-11.61676	RZ 	1312	22.26	 0.60	 1.09	 8.24	 1118.0	 96.0
190.30092	-11.79916	RZ 	 136	19.99	 0.93	 1.59	20.71	   57.0	 30.0
190.13075	-11.54018	RZ 	1370	20.65	 0.80	 1.31	 9.27	 1178.8	 14.3
190.13033	-11.38952	RZ 	1375	21.01	 0.80	 1.31	16.04	  158.7	 10.4
190.12737	-11.84101	RZ 	1401	21.95	 0.65	 1.05	15.14	  268.5	  8.9
190.12642	-11.60776	RZ 	1405	22.05	 0.59	 1.02	 7.63	 1147.0	 46.0
190.12425	-11.81672	RZ 	1428	19.67	 0.63	 1.09	13.80	 1056.3	 42.2
190.12429	-11.33319	RZ 	1429	19.78	 0.63	 1.05	18.92	  228.0	 33.0
190.12425	-11.56110	RZ 	1430	20.19	 0.69	 1.16	 8.32	 1171.3	 43.8
190.12050	-11.44778	RZ 	1464	20.76	 0.52	 0.85	12.76	  307.0	 92.0
190.11979	-11.61623	RZ 	1470	23.08	 0.75	 1.14	 7.19	 1147.0	 46.0
190.11554	-11.60620	RZ 	1506	19.04	 0.90	 1.49	 7.00	  -95.0	  8.0
190.11408	-11.83601	RZ 	1519	20.53	 0.67	 1.05	14.49	  -53.1	 25.6
190.11342	-11.66517	RZ 	1532	20.91	 0.59	 1.01	 7.26	  448.0	  8.0
190.11337	-11.67501	RZ 	1533	21.33	 0.56	 1.00	 7.48	 1254.0	  9.0
190.11325	-11.47378	RZ 	1534	20.68	 0.84	 1.45	11.25	 1049.9	 10.2
190.11042	-11.50725	RZ 	1564	20.64	 0.73	 1.25	 9.61	  917.8	 12.7
190.10992	-11.65734	RZ 	1567	21.09	 0.64	 1.09	 6.91	 1068.0	  8.0
190.10942	-11.39885	RZ 	1571	21.36	 0.62	 1.11	14.97	 1100.3	  9.3
190.10871	-11.56578	RZ 	1577	19.86	 0.56	 0.95	 7.38	  296.0	 40.0
190.10767	-11.67193	RZ 	1591	21.87	 0.84	 1.42	 7.10	 1060.0	 12.0
190.31575	-11.76132	RZ 	  16	19.30	 0.69	 1.18	20.45	   98.0	 21.0
190.10367	-11.65237	RZ 	1632	21.06	 0.68	 1.10	 6.48	 -111.0	 10.0
190.10308	-11.66408	RZ 	1638	19.56	 0.94	 1.55	 6.67	 1084.9	  4.8
190.10183	-11.89788	RZ 	1646	21.06	 0.62	 1.08	17.59	  193.4	 10.9
190.09950	-11.62834	RZ 	1661	21.32	 0.73	 1.25	 6.00	  506.0	 17.0
190.09708	-11.60728	RZ 	1690	21.80	 0.90	 1.43	 5.92	  942.0	  8.0
190.09671	-11.51575	RZ 	1695	19.50	 1.07	 1.79	 8.68	   22.0	 24.0
190.09433	-11.68438	RZ 	1724	21.80	 0.89	 1.46	 6.77	 1115.0	 20.0
190.09296	-11.64774	RZ 	1733	20.71	 0.61	 1.05	 5.80	 1027.0	 14.0
190.08850	-11.60887	RZ 	1771	20.82	 0.75	 1.26	 5.41	 1181.5	 35.3
190.08833	-11.56208	RZ 	1773	19.28	 0.60	 1.01	 6.47	  211.0	 28.0
190.08821	-11.41053	RZ 	1775	19.95	 0.88	 1.46	13.82	  106.0	 29.0
190.08758	-11.64400	RZ 	1780	22.02	 0.84	 1.42	 5.43	 1460.0	 11.0
190.08292	-11.62941	RZ 	1836	19.65	 0.82	 1.35	 5.03	 1494.0	  8.0
190.08175	-11.64946	RZ 	1841	23.32	 0.68	 1.15	 5.19	 1022.0	 32.0
190.07942	-11.39884	RZ 	1865	20.25	 0.74	 1.24	14.29	  984.7	  9.4
190.07717	-11.46253	RZ 	1895	20.87	 0.95	 1.51	10.71	 1131.8	 44.4
190.07667	-11.57214	RZ 	1898	20.89	 0.77	 1.29	 5.56	 1152.2	 27.1
190.31496	-11.69957	RZ 	  19	19.08	 0.71	 1.23	19.20	  109.0	 19.0
190.07550	-11.90752	RZ 	1908	19.45	 0.63	 1.06	17.67	  113.0	 24.0
190.07467	-11.64223	RZ 	1923	22.36	 0.91	 1.49	 4.67	 1173.0	  8.0
190.07387	-11.67906	RZ 	1934	20.23	 0.75	 1.24	 5.60	 1293.0	  9.0
190.07362	-11.45460	RZ 	1937	19.76	 0.78	 1.26	11.05	  116.2	 27.5
190.07237	-11.62200	RZ 	1946	21.49	 0.60	 1.02	 4.39	  797.0	 13.0
190.07225	-11.35645	RZ 	1950	20.17	 0.73	 1.16	16.59	  157.0	 92.0
190.07025	-11.65534	RZ 	1973	19.36	 0.76	 1.20	 4.69	   40.0	 22.0
190.07037	-11.39164	RZ 	1974	21.67	 0.69	 1.17	14.53	 1104.5	 10.9
190.06929	-11.66249	RZ 	1983	21.32	 0.93	 1.56	 4.83	  976.9	 15.8
190.06912	-11.63345	RZ 	1986	20.28	 0.61	 0.98	 4.25	  306.0	 45.0
190.06875	-11.63842	RZ 	1990	21.44	 0.80	 1.32	 4.28	 1006.0	  9.0
190.06767	-11.65324	RZ 	1997	21.49	 0.76	 1.26	 4.50	 1498.0	 26.0
190.06746	-11.70846	RZ 	1998	20.55	 0.99	 1.61	 6.56	  218.0	 13.0
190.06600	-11.65193	RZ 	2010	22.05	 0.68	 1.12	 4.38	  803.0	 11.0
190.06575	-11.62758	RZ 	2014	21.72	 0.81	 1.29	 4.01	  888.0	 16.0
190.06567	-11.64132	RZ 	2016	20.99	 0.67	 1.13	 4.15	 1417.2	 86.8
190.06492	-11.60583	RZ 	2021	20.19	 0.67	 1.13	 4.09	 1125.3	  7.7
190.06471	-11.68375	RZ 	2024	20.05	 0.78	 1.26	 5.37	   93.0	  9.0
190.06421	-11.62626	RZ 	2032	20.62	 0.87	 1.49	 3.92	 1256.0	 18.0
190.06387	-11.64449	RZ 	2037	21.64	 0.63	 1.10	 4.10	 1470.0	  8.0
190.06379	-11.67020	RZ 	2038	19.33	 0.75	 1.24	 4.81	 1240.1	  7.7
190.06267	-11.67897	RZ 	2055	21.37	 0.73	 1.20	 5.09	 1131.0	 13.0
190.06250	-11.65195	RZ 	2059	21.60	 0.88	 1.45	 4.19	 1217.0	  8.0
190.06104	-11.69873	RZ 	2082	21.69	 0.68	 1.08	 5.87	  917.0	 20.0
190.06096	-11.60982	RZ 	2084	21.47	 0.67	 1.14	 3.81	 1226.0	 11.0
190.06100	-11.53207	RZ 	2086	19.48	 0.72	 1.22	 6.61	 1063.2	 23.8
190.05967	-11.39466	RZ 	2098	19.71	 0.78	 1.27	14.18	    4.0	 28.0
190.05912	-11.64045	RZ 	2106	21.48	 0.79	 1.36	 3.76	 1075.0	 15.0
190.05879	-11.64400	RZ 	2109	20.50	 0.82	 1.36	 3.81	 1402.1	  7.6
190.05746	-11.61733	RZ 	2129	19.91	 0.75	 1.25	 3.53	 1167.9	 62.1
190.05721	-11.66472	RZ 	2134	21.99	 0.65	 1.09	 4.30	  817.0	 21.0
190.05654	-11.65957	RZ 	2144	19.79	 0.71	 1.17	 4.10	  907.5	  6.8
190.05617	-11.59757	RZ 	2148	20.79	 0.71	 1.18	 3.77	 1136.0	 35.4
190.05275	-11.69151	RZ 	2194	21.51	 0.71	 1.15	 5.23	 1096.0	 16.0
190.05187	-11.63669	RZ 	2200	20.44	 0.67	 1.14	 3.29	 1524.0	 14.0
190.05192	-11.42591	RZ 	2203	19.55	 0.64	 1.12	12.25	 1174.0	 32.8
190.04975	-11.74786	RZ 	2221	19.82	 0.89	 1.44	 8.09	   94.0	 28.0
190.04979	-11.53221	RZ 	2224	21.80	 0.55	 0.96	 6.25	  277.4	  8.1
190.04971	-11.36692	RZ 	2226	21.11	 0.94	 1.52	15.67	 1348.3	  7.1
190.04892	-11.69902	RZ 	2237	20.54	 0.70	 1.18	 5.46	  954.6	 11.4
190.04850	-11.63734	RZ 	2242	20.35	 0.60	 1.04	 3.11	 1433.8	  8.0
190.04783	-11.87983	RZ 	2247	19.17	 0.51	 0.86	15.69	  155.0	 30.0
190.04742	-11.66193	RZ 	2257	20.82	 0.70	 1.17	 3.74	 1275.0	100.0
190.04646	-11.62926	RZ 	2276	21.83	 0.96	 1.62	 2.89	 1199.0	 10.0
190.04654	-11.33429	RZ 	2279	21.38	 0.66	 1.18	17.56	 1136.9	  8.9
190.28775	-11.67949	RZ 	 228	19.54	 0.71	 1.14	17.38	  296.0	 22.0
190.04575	-11.59851	RZ 	2289	20.51	 0.58	 1.00	 3.19	  733.0	 12.7
190.04500	-11.63827	RZ 	2300	21.55	 0.57	 1.04	 2.93	 1201.0	 33.0
190.04487	-11.66684	RZ 	2303	20.02	 0.70	 1.15	 3.82	 1236.6	  9.6
190.04462	-11.65239	RZ 	2305	21.81	 0.81	 1.37	 3.28	 1229.0	 10.0
190.04446	-11.61259	RZ 	2307	20.25	 0.93	 1.47	 2.82	  767.5	  7.8
190.04383	-11.75567	RZ 	2316	20.31	 0.86	 1.41	 8.41	 1097.7	 10.5
190.04350	-11.61071	RZ 	2323	18.98	 0.77	 1.26	 2.80	 1433.0	 18.0
190.28650	-11.46545	RZ 	 233	19.56	 0.59	 1.00	19.44	  293.0	 35.0
190.04250	-11.36187	RZ 	2338	20.69	 0.66	 1.07	15.89	  140.0	 24.6
190.04196	-11.70322	RZ 	2342	21.55	 0.63	 1.05	 5.47	 1150.0	 20.0
190.04187	-11.73883	RZ 	2344	21.28	 0.81	 1.34	 7.42	  832.0	 21.0
190.04171	-11.33978	RZ 	2349	19.41	 1.08	 1.79	17.19	   67.0	 31.0
190.04096	-11.58906	RZ 	2358	20.51	 0.81	 1.36	 3.26	 1152.0	 40.0
190.04054	-11.60627	RZ 	2363	19.45	 0.69	 1.17	 2.72	 1459.9	  7.7
190.04054	-11.61239	RZ 	2364	20.71	 0.78	 1.28	 2.60	 1258.4	 32.7
190.04025	-11.89514	RZ 	2365	21.55	 0.63	 1.04	16.52	  283.6	  9.7
190.03946	-11.64445	RZ 	2376	21.03	 0.77	 1.25	 2.77	 1173.1	 10.9
190.03896	-11.58781	RZ 	2381	19.85	 0.78	 1.28	 3.22	 1193.8	  7.8
190.03833	-11.59833	RZ 	2390	22.68	 0.79	 1.34	 2.82	 1373.0	 38.0
190.03758	-11.56409	RZ 	2400	19.98	 0.97	 1.61	 4.25	    5.5	 23.2
190.03683	-11.56860	RZ 	2410	20.79	 0.68	 1.14	 4.00	 1323.0	 11.0
190.03604	-11.65855	RZ 	2421	19.85	 0.92	 1.49	 3.10	 1270.0	 36.0
190.03554	-11.72343	RZ 	2428	20.38	 0.67	 1.11	 6.42	  958.0	 12.0
190.03462	-11.63810	RZ 	2439	21.23	 0.60	 1.05	 2.35	 1037.0	 12.0
190.03371	-11.55308	RZ 	2449	19.69	 0.76	 1.28	 4.70	  939.6	 29.3
190.03287	-11.84607	RZ 	2458	19.53	 0.97	 1.58	13.54	  -20.0	122.0
190.03196	-11.74675	RZ 	2474	22.73	 1.00	 1.56	 7.69	 1102.0	 28.0
190.03200	-11.76800	RZ 	2475	20.02	 0.73	 1.19	 8.93	 1064.8	  6.6
190.03171	-11.66414	RZ 	2483	19.78	 0.53	 0.87	 3.18	  205.0	 45.0
190.03125	-11.59764	RZ 	2491	20.49	 0.75	 1.25	 2.50	 1163.0	 11.9
190.03108	-11.60366	RZ 	2493	21.57	 0.65	 1.20	 2.29	  897.0	 32.0
190.03029	-11.61241	RZ 	2502	19.92	 0.88	 1.41	 2.02	 1346.1	  6.8
190.03021	-11.67373	RZ 	2503	20.28	 0.80	 1.27	 3.59	  770.0	 10.0
190.02950	-11.60132	RZ 	2512	19.67	 0.92	 1.50	 2.28	 1189.8	 27.6
190.02917	-11.50660	RZ 	2521	21.63	 0.77	 1.34	 7.23	  279.9	  8.4
190.28383	-11.84632	RZ 	 253	19.89	 0.85	 1.44	21.49	  168.0	 23.0
190.02817	-11.64078	RZ 	2532	21.50	 0.80	 1.27	 2.09	 1134.0	  8.0
190.02667	-11.67037	RZ 	2544	21.10	 0.81	 1.34	 3.31	 1505.0	119.0
190.02650	-11.67828	RZ 	2546	21.74	 0.84	 1.39	 3.72	 1135.5	 20.1
190.02637	-11.58686	RZ 	2549	22.84	 0.91	 1.47	 2.75	  862.0	 39.0
190.02629	-11.61310	RZ 	2551	20.40	 1.04	 1.61	 1.79	  808.0	 39.0
190.02533	-11.53711	RZ 	2558	20.56	 0.83	 1.37	 5.41	  108.0	  8.0
190.02462	-11.65696	RZ 	2567	21.12	 0.65	 1.08	 2.58	 1346.4	 10.0
190.02442	-11.76750	RZ 	2568	22.88	 1.09	 1.62	 8.81	  613.0	 19.0
190.02379	-11.70502	RZ 	2572	20.91	 0.69	 1.14	 5.15	 1176.0	 13.0
190.02354	-11.54152	RZ 	2576	20.38	 0.62	 1.09	 5.12	  611.0	  9.0
190.02325	-11.44567	RZ 	2582	19.46	 0.71	 1.16	10.75	    0.0	 24.0
190.02283	-11.43813	RZ 	2584	20.06	 0.65	 1.15	11.19	 1070.4	  7.1
190.02196	-11.72090	RZ 	2593	22.27	 0.98	 1.56	 6.04	 1186.0	 21.0
190.02054	-11.59096	RZ 	2611	21.76	 0.85	 1.45	 2.35	  888.0	 22.0
190.01950	-11.68159	RZ 	2623	21.64	 0.80	 1.39	 3.74	 1113.0	 18.0
190.01904	-11.53263	RZ 	2632	20.32	 0.69	 1.19	 5.57	  304.0	 11.0
190.01854	-11.67180	RZ 	2637	20.86	 0.91	 1.45	 3.17	 1141.5	  8.7
190.01575	-11.88036	RZ 	2654	21.42	 0.96	 1.49	15.47	  168.9	 11.1
190.01567	-11.75990	RZ 	2658	20.62	 0.67	 1.12	 8.28	 1723.0	  8.0
190.01558	-11.67123	RZ 	2659	22.98	 0.90	 1.52	 3.08	 1436.0	 41.0
190.01521	-11.71819	RZ 	2664	21.59	 0.72	 1.20	 5.80	 1295.0	 15.0
190.01525	-11.58059	RZ 	2666	19.76	 0.86	 1.41	 2.75	 1064.0	137.0
190.01517	-11.48768	RZ 	2668	21.39	 0.69	 1.18	 8.19	 1169.4	  9.1
190.01512	-11.54491	RZ 	2669	20.48	 0.86	 1.44	 4.80	 1418.0	 32.1
190.01479	-11.76762	RZ 	2672	23.00	 0.85	 1.33	 8.73	  299.0	 12.0
190.01379	-11.72709	RZ 	2687	21.49	 0.66	 1.12	 6.31	  912.0	 16.0
190.01354	-11.56854	RZ 	2694	21.77	 0.66	 1.11	 3.40	 1113.0	 48.0
190.01358	-11.37146	RZ 	2695	20.64	 0.59	 1.02	15.12	 1412.2	 17.0
190.01083	-11.67486	RZ 	2720	21.77	 0.63	 1.11	 3.20	  826.0	 21.0
190.27962	-11.62852	RZ 	 273	21.40	 0.59	 0.95	16.58	  255.7	  7.8
190.00917	-11.66308	RZ 	2747	22.35	 0.90	 1.35	 2.50	 1253.0	 62.0
190.00917	-11.50743	RZ 	2748	19.87	 0.74	 1.22	 6.97	 1150.9	 36.6
190.00887	-11.86325	RZ 	2749	19.64	 0.59	 0.94	14.43	  315.4	 11.4
190.00704	-11.66049	RZ 	2769	22.27	 0.99	 1.54	 2.31	 1384.0	 27.0
190.00704	-11.58992	RZ 	2770	21.04	 0.66	 1.15	 2.06	 1403.0	 30.0
190.00650	-11.86972	RZ 	2775	19.59	 0.67	 1.07	14.81	  370.0	 27.0
190.00654	-11.65105	RZ 	2777	20.95	 0.87	 1.43	 1.76	 1045.0	  7.0
190.00579	-11.68114	RZ 	2790	22.29	 0.81	 1.38	 3.52	  898.0	 20.0
190.00525	-11.66881	RZ 	2796	21.35	 0.66	 1.10	 2.78	 1115.0	 19.0
190.00508	-11.52158	RZ 	2803	19.95	 0.51	 0.85	 6.10	  178.0	 47.0
190.00292	-11.58877	RZ 	2828	20.55	 0.73	 1.23	 2.08	 1283.0	 45.0
190.00267	-11.70665	RZ 	2829	23.72	 1.20	 1.86	 5.02	  958.0	 32.0
190.00275	-11.73597	RZ 	2830	21.59	 0.68	 1.14	 6.78	 1476.0	 16.0
190.00246	-11.74888	RZ 	2832	19.77	 0.92	 1.51	 7.55	 1121.8	  5.4
190.00221	-11.66462	RZ 	2835	21.29	 0.68	 1.21	 2.51	 1400.0	 13.0
190.00162	-11.70735	RZ 	2844	19.51	 0.54	 0.93	 5.06	   -0.2	 11.9
190.00162	-11.65151	RZ 	2847	22.19	 0.95	 1.60	 1.72	 1278.0	 18.0
190.00129	-11.80825	RZ 	2849	21.07	 0.80	 1.28	11.11	  369.0	 49.0
190.00054	-11.91790	RZ 	2855	20.38	 0.56	 0.92	17.69	  211.0	 82.0
190.00087	-11.49863	RZ 	2857	20.39	 0.70	 1.15	 7.47	 1383.3	  8.8
190.00071	-11.59211	RZ 	2860	21.40	 0.93	 1.54	 1.87	  999.7	 23.5
190.00046	-11.74019	RZ 	2862	21.49	 0.58	 1.06	 7.03	 1109.0	 22.0
190.00067	-11.54103	RZ 	2863	19.36	 0.83	 1.39	 4.92	 1277.5	  6.2
190.00017	-11.59267	RZ 	2869	21.67	 0.72	 1.16	 1.83	 1190.0	 14.0
189.99962	-11.78192	RZ 	2871	20.06	 0.95	 1.61	 9.53	   17.4	 10.4
189.99925	-11.58183	RZ 	2877	20.89	 0.59	 1.08	 2.48	  616.0	 34.0
189.99900	-11.59142	RZ 	2883	21.88	 0.81	 1.36	 1.90	 1508.0	 12.0
189.99879	-11.59027	RZ 	2885	21.14	 0.83	 1.39	 1.97	 1257.0	 18.0
190.27700	-11.53888	RZ 	 290	20.88	 0.98	 1.64	17.18	   39.7	 32.3
189.99571	-11.59559	RZ 	2915	21.40	 0.71	 1.19	 1.65	  555.0	 16.0
189.99562	-11.58962	RZ 	2916	19.53	 0.73	 1.26	 2.01	 1034.3	  7.6
190.27646	-11.33224	RZ 	 293	19.34	 0.73	 1.17	23.95	  143.0	 22.0
189.99429	-11.70913	RZ 	2931	19.61	 0.59	 1.02	 5.17	   -7.0	 38.0
189.99287	-11.55502	RZ 	2953	21.12	 0.69	 1.17	 4.09	 1259.0	 17.0
189.99187	-11.59190	RZ 	2967	21.66	 0.65	 1.10	 1.90	 1144.0	  9.0
189.99183	-11.57410	RZ 	2968	20.28	 0.92	 1.50	 2.96	  969.1	 10.5
189.99008	-11.68753	RZ 	2980	22.06	 1.00	 1.69	 3.89	 1240.0	 16.0
189.99008	-11.52362	RZ 	2985	19.28	 0.92	 1.51	 5.98	 1277.6	 28.0
189.98954	-11.58452	RZ 	2996	21.17	 0.61	 1.05	 2.36	 1101.0	 16.0
189.98712	-11.33986	RZ 	3017	20.25	 0.60	 1.05	17.00	 1135.2	 23.4
189.98683	-11.58712	RZ 	3020	20.96	 0.84	 1.42	 2.25	  951.0	 10.0
189.98629	-11.54784	RZ 	3026	22.03	 0.88	 1.48	 4.56	  885.0	 25.0
189.98608	-11.70907	RZ 	3027	22.58	 0.59	 1.07	 5.21	 1183.0	 19.0
189.98596	-11.66548	RZ 	3029	22.11	 0.59	 1.00	 2.64	 1166.0	 21.0
189.98421	-11.76921	RZ 	3043	20.31	 0.65	 1.11	 8.80	  856.8	 55.3
189.98333	-11.69190	RZ 	3057	22.07	 0.66	 1.18	 4.22	  878.0	 27.0
189.98287	-11.70798	RZ 	3058	21.47	 0.66	 1.12	 5.17	 1040.0	  8.0
189.98267	-11.58011	RZ 	3061	19.46	 1.00	 1.61	 2.72	 1003.4	  6.3
189.98221	-11.65898	RZ 	3064	20.30	 0.91	 1.47	 2.34	  972.0	102.0
189.98100	-11.55672	RZ 	3075	19.81	 0.72	 1.19	 4.10	 1117.6	  8.6
189.98067	-11.57575	RZ 	3081	21.17	 0.68	 1.12	 3.01	 1090.0	 18.0
189.97946	-11.65795	RZ 	3093	20.28	 0.70	 1.18	 2.35	  991.9	 26.6
189.97875	-11.58141	RZ 	3098	20.08	 0.95	 1.57	 2.73	 1254.1	 23.0
189.97821	-11.67666	RZ 	3101	20.97	 0.95	 1.54	 3.41	  932.0	 25.0
189.97762	-11.66040	RZ 	3105	21.88	 0.67	 1.12	 2.53	 1034.7	 89.5
189.97750	-11.58875	RZ 	3110	21.39	 0.95	 1.55	 2.37	  939.0	  8.0
189.97408	-11.82692	RZ 	3140	20.11	 0.57	 0.91	12.31	  351.0	 46.0
189.97292	-11.66777	RZ 	3155	20.53	 0.69	 1.16	 3.05	 1196.0	 34.2
189.97225	-11.66450	RZ 	3160	20.94	 0.69	 1.18	 2.90	 1411.3	  7.8
189.97150	-11.85116	RZ 	3166	20.66	 0.88	 1.40	13.77	  985.0	 14.9
189.97029	-11.65304	RZ 	3173	21.00	 0.66	 1.14	 2.41	 1300.0	 40.0
189.97042	-11.51650	RZ 	3174	21.44	 0.85	 1.42	 6.59	 1087.0	 34.0
189.96821	-11.59457	RZ 	3191	20.41	 0.88	 1.44	 2.43	 1093.9	 13.8
189.96775	-11.55421	RZ 	3193	22.80	 0.96	 1.58	 4.49	 1070.0	 44.0
189.96767	-11.59746	RZ 	3194	21.99	 0.78	 1.32	 2.34	  973.7	 18.2
189.96733	-11.63377	RZ 	3201	20.29	 0.89	 1.43	 1.89	 1209.0	  8.0
189.96671	-11.38259	RZ 	3215	19.45	 0.76	 1.28	14.54	  331.0	 23.0
189.96633	-11.64009	RZ 	3218	22.84	 0.80	 1.24	 2.10	 1318.0	 38.0
189.96633	-11.53956	RZ 	3221	21.30	 0.80	 1.29	 5.34	 1034.0	 21.0
189.96621	-11.60754	RZ 	3222	19.89	 0.76	 1.28	 2.07	 1431.6	  7.7
189.96592	-11.84393	RZ 	3223	20.05	 0.64	 1.04	13.38	   33.0	 29.0
189.96583	-11.65687	RZ 	3226	20.96	 0.84	 1.37	 2.76	 1149.0	  8.0
189.96537	-11.58900	RZ 	3233	20.68	 0.78	 1.30	 2.79	 1114.6	 28.2
189.96508	-11.60213	RZ 	3236	22.45	 0.62	 1.10	 2.29	  759.0	 10.0
189.96467	-11.63781	RZ 	3243	21.33	 1.00	 1.62	 2.13	  939.0	 21.0
189.96467	-11.60801	RZ 	3244	20.78	 0.91	 1.47	 2.14	 1260.6	  7.8
189.96437	-11.78151	RZ 	3245	20.11	 0.66	 1.01	 9.71	  119.6	 43.5
189.96421	-11.73510	RZ 	3246	20.60	 0.62	 1.06	 7.00	 1095.2	 49.5
189.96404	-11.61192	RZ 	3252	21.46	 0.78	 1.27	 2.08	 1011.9	 20.8
189.96354	-11.63822	RZ 	3261	22.55	 0.71	 1.16	 2.20	  791.0	 21.0
189.96354	-11.44281	RZ 	3264	20.08	 0.64	 1.04	11.00	  203.0	 28.0
189.96317	-11.64266	RZ 	3265	19.70	 0.96	 1.56	 2.34	  830.1	  7.5
189.96246	-11.63980	RZ 	3274	20.69	 0.72	 1.22	 2.30	 1140.5	 10.9
189.96200	-11.72120	RZ 	3279	21.37	 0.85	 1.42	 6.25	 1197.9	 13.1
189.96229	-11.43077	RZ 	3280	21.66	 0.77	 1.28	11.72	 1796.7	 14.1
189.96196	-11.60198	RZ 	3283	21.46	 0.67	 1.15	 2.45	 1105.0	  8.0
189.96179	-11.64844	RZ 	3284	21.11	 0.81	 1.29	 2.60	 1025.0	203.0
190.31371	-11.50872	RZ 	  33	21.04	 0.54	 0.98	19.81	  259.8	  9.1
189.95887	-11.63451	RZ 	3319	22.48	 0.76	 1.15	 2.38	 1056.0	 32.0
189.95887	-11.64136	RZ 	3320	19.54	 0.91	 1.46	 2.53	 1313.7	  8.0
189.95800	-11.78259	RZ 	3329	19.52	 0.65	 1.03	 9.85	  156.0	 24.0
189.95675	-11.65293	RZ 	3342	21.59	 0.75	 1.24	 3.00	 1137.4	 21.5
189.95562	-11.63256	RZ 	3354	22.22	 0.75	 1.24	 2.53	 1275.0	 15.0
189.95562	-11.64620	RZ 	3355	21.96	 0.78	 1.19	 2.83	  840.0	 24.0
189.95558	-11.57631	RZ 	3357	20.73	 0.66	 1.12	 3.74	  857.0	 42.0
189.95521	-11.80342	RZ 	3359	21.56	 1.06	 1.59	11.10	  204.4	  6.8
189.95508	-11.53580	RZ 	3363	22.39	 0.93	 1.53	 5.80	 1168.0	 40.0
189.95317	-11.50842	RZ 	3374	21.50	 0.51	 0.99	 7.36	 1619.0	  8.2
189.95142	-11.67676	RZ 	3385	21.30	 0.70	 1.19	 4.21	 1112.3	 17.5
189.95129	-11.74286	RZ 	3387	19.79	 0.73	 1.18	 7.69	  122.0	 55.0
189.95037	-11.70234	RZ 	3394	19.96	 0.72	 1.19	 5.51	 1330.8	 31.4
189.95037	-11.63403	RZ 	3396	21.04	 0.64	 1.06	 2.85	  703.0	 11.0
189.95029	-11.51235	RZ 	3398	21.98	 0.63	 1.05	 7.20	 1654.0	 14.0
189.94933	-11.63357	RZ 	3408	21.91	 0.96	 1.54	 2.91	 1110.0	 17.0
189.94742	-11.58109	RZ 	3426	21.11	 0.85	 1.44	 3.88	  -31.0	  6.0
189.94692	-11.63562	RZ 	3431	20.46	 0.74	 1.21	 3.07	  915.3	 60.2
189.94675	-11.55932	RZ 	3434	22.20	 0.95	 1.48	 4.85	 1053.0	 27.0
189.94600	-11.60159	RZ 	3441	20.93	 0.64	 1.10	 3.30	 1065.0	  8.0
189.94521	-11.77050	RZ 	3448	19.15	 0.98	 1.68	 9.37	   34.0	 27.0
189.94421	-11.61405	RZ 	3461	19.68	 1.03	 1.61	 3.19	 1591.0	 55.0
189.94387	-11.58253	RZ 	3466	19.88	 0.69	 1.17	 3.99	 1029.9	 10.4
189.94283	-11.33911	RZ 	3478	19.88	 1.05	 1.74	17.34	  -37.0	 31.0
189.94225	-11.59350	RZ 	3486	20.54	 0.94	 1.54	 3.71	  898.3	  7.3
189.94208	-11.60361	RZ 	3489	21.39	 0.84	 1.44	 3.47	 1068.0	  8.0
189.94200	-11.63213	RZ 	3491	22.79	 0.95	 1.54	 3.31	  867.0	 17.0
189.94008	-11.65926	RZ 	3506	19.47	 0.96	 1.58	 4.02	  946.6	 28.8
189.93950	-11.62015	RZ 	3512	21.37	 0.58	 1.05	 3.42	 1191.0	 32.0
189.93875	-11.60014	RZ 	3517	19.13	 0.93	 1.51	 3.72	  872.0	  8.0
189.93754	-11.58864	RZ 	3528	22.32	 0.89	 1.51	 4.09	 1178.0	 13.0
190.26454	-11.54034	RZ 	 354	19.61	 0.66	 1.12	16.46	  119.7	 14.6
189.93575	-11.64077	RZ 	3543	19.66	 0.97	 1.58	 3.79	   49.0	 28.0
189.93417	-11.64030	RZ 	3564	21.83	 0.81	 1.35	 3.87	 1337.0	 17.0
189.93396	-11.34166	RZ 	3573	20.14	 0.61	 1.02	17.29	   72.2	 14.7
189.93367	-11.62491	RZ 	3575	20.75	 0.84	 1.42	 3.76	 1146.5	  9.3
189.93271	-11.63368	RZ 	3582	21.48	 0.90	 1.48	 3.87	 1070.3	 17.8
189.93221	-11.58407	RZ 	3592	21.75	 0.69	 1.20	 4.50	  610.0	  8.0
189.93129	-11.59861	RZ 	3601	22.20	 0.88	 1.41	 4.17	 1096.0	 19.0
189.93000	-11.61193	RZ 	3616	21.99	 0.65	 1.10	 4.03	 1430.0	 20.0
189.92883	-11.70003	RZ 	3627	21.77	 0.94	 1.55	 6.14	  254.8	 10.5
189.92871	-11.57168	RZ 	3632	21.33	 0.69	 1.18	 5.09	 1104.5	  7.6
189.92812	-11.71333	RZ 	3638	20.38	 0.67	 1.14	 6.78	  987.2	 45.7
189.92792	-11.60435	RZ 	3643	21.94	 0.71	 1.20	 4.25	 1104.0	 12.0
189.92692	-11.81800	RZ 	3650	20.09	 1.07	 1.73	12.41	  127.0	 28.0
189.92583	-11.59062	RZ 	3662	22.69	 0.61	 1.08	 4.65	 1434.0	 19.0
189.92558	-11.58983	RZ 	3667	21.31	 0.83	 1.36	 4.68	  910.3	  8.9
189.92567	-11.35261	RZ 	3669	20.21	 0.99	 1.66	16.77	  143.0	 30.0
189.92512	-11.68308	RZ 	3676	21.29	 0.96	 1.55	 5.58	 1104.0	104.0
189.92492	-11.64086	RZ 	3680	19.47	 0.70	 1.19	 4.40	 1063.5	  7.6
189.92458	-11.87442	RZ 	3684	19.59	 0.52	 0.88	15.68	  297.0	 40.0
189.92317	-11.61937	RZ 	3704	22.57	 0.80	 1.42	 4.38	 1061.0	 17.0
189.92233	-11.32429	RZ 	3719	21.82	 0.58	 0.97	18.47	 1558.7	 13.1
189.92162	-11.60231	RZ 	3728	20.69	 0.68	 1.13	 4.64	 1186.0	 51.0
189.92021	-11.62019	RZ 	3745	21.29	 0.61	 1.06	 4.55	  817.4	 10.3
189.91617	-11.86081	RZ 	3787	20.86	 0.91	 1.46	15.05	  232.0	 41.0
189.91554	-11.59416	RZ 	3799	22.28	 0.87	 1.50	 5.13	  986.0	 25.0
189.91479	-11.66651	RZ 	3805	20.42	 0.84	 1.39	 5.52	 1088.0	 39.0
189.91271	-11.55461	RZ 	3830	19.91	 0.61	 1.00	 6.46	  142.0	 46.0
189.91212	-11.58671	RZ 	3835	20.47	 0.66	 1.12	 5.48	 1314.7	  7.8
189.91158	-11.66110	RZ 	3841	20.73	 0.72	 1.19	 5.55	  898.3	 43.5
189.91121	-11.33132	RZ 	3849	19.60	 0.61	 1.02	18.23	  198.8	 25.2
190.25687	-11.45166	RZ 	 386	19.21	 0.67	 1.12	18.39	  221.0	 25.0
189.90900	-11.57293	RZ 	3872	21.53	 0.71	 1.11	 6.01	  250.0	 20.0
189.90892	-11.64404	RZ 	3873	20.16	 0.69	 1.15	 5.36	  873.2	  8.9
189.90875	-11.33902	RZ 	3880	19.83	 0.83	 1.40	17.83	  -24.0	 31.0
189.90737	-11.67519	RZ 	3892	19.57	 0.91	 1.49	 6.16	 1136.1	 32.6
189.90650	-11.61101	RZ 	3903	21.14	 0.71	 1.17	 5.40	 1114.0	 19.0
189.90529	-11.70237	RZ 	3915	20.55	 0.59	 0.98	 7.22	  248.5	  9.7
189.90433	-11.71938	RZ 	3924	20.04	 0.72	 1.23	 7.96	  661.4	  9.9
189.90350	-11.57934	RZ 	3937	21.77	 0.79	 1.29	 6.12	  993.0	  8.0
189.90258	-11.32114	RZ 	3948	19.18	 1.01	 1.75	18.96	   66.0	 26.0
189.90208	-11.56172	RZ 	3951	20.61	 0.51	 0.93	 6.71	 1273.0	 11.0
189.90117	-11.55160	RZ 	3960	20.56	 0.82	 1.37	 7.11	  763.0	 19.0
189.90067	-11.67658	RZ 	3962	19.70	 0.93	 1.51	 6.54	  975.0	  9.2
189.90033	-11.56905	RZ 	3965	20.65	 0.63	 1.08	 6.57	 1001.7	 54.4
189.89992	-11.35198	RZ 	3972	21.26	 0.72	 1.20	17.25	 1375.4	  7.7
189.89921	-11.79602	RZ 	3974	20.61	 0.68	 1.16	11.88	 1031.8	 72.3
189.89829	-11.90019	RZ 	3985	20.44	 0.67	 1.12	17.62	 1228.1	  8.7
189.89846	-11.64170	RZ 	3987	19.51	 0.66	 1.15	 5.93	 1338.0	 33.7
190.25579	-11.42067	RZ 	 399	19.65	 0.96	 1.58	19.44	  101.0	 26.0
189.89746	-11.90892	RZ 	3994	19.76	 0.88	 1.43	18.13	   53.0	 23.0
189.89654	-11.86443	RZ 	4009	19.98	 0.65	 1.14	15.65	 1135.3	  7.8
189.89637	-11.50639	RZ 	4011	21.66	 0.78	 1.33	 9.19	 1436.5	 19.7
189.89429	-11.60525	RZ 	4029	20.77	 0.80	 1.30	 6.17	   88.0	 10.0
189.89367	-11.61515	RZ 	4037	19.93	 0.63	 1.04	 6.13	   74.0	 42.0
189.89329	-11.57782	RZ 	4040	22.35	 0.67	 1.19	 6.71	 1345.0	 12.0
189.89075	-11.38578	RZ 	4064	19.39	 0.51	 0.90	15.56	  236.0	 43.0
189.88779	-11.73869	RZ 	4085	21.76	 0.61	 1.10	 9.47	 1337.7	 14.2
189.88696	-11.77374	RZ 	4093	20.83	 0.62	 1.11	11.13	 1386.9	  6.0
189.88692	-11.59851	RZ 	4100	21.85	 0.68	 1.07	 6.67	  874.0	 71.0
189.88642	-11.50868	RZ 	4108	20.18	 0.73	 1.24	 9.48	 1206.3	 64.1
190.25337	-11.61034	RZ 	 411	20.64	 0.57	 0.93	15.05	  224.3	  9.8
189.88496	-11.51466	RZ 	4117	21.34	 0.91	 1.47	 9.28	 1084.8	 12.7
189.88362	-11.59318	RZ 	4129	22.27	 0.84	 1.42	 6.94	  791.0	 21.0
189.88304	-11.56852	RZ 	4134	22.02	 0.91	 1.56	 7.49	  908.0	 25.0
189.88229	-11.61308	RZ 	4140	21.70	 0.62	 1.04	 6.80	  271.0	 19.0
189.88204	-11.58844	RZ 	4143	23.17	 1.08	 1.78	 7.10	  906.0	 24.0
189.88117	-11.60968	RZ 	4158	21.37	 0.71	 1.14	 6.89	 1285.2	119.1
189.88117	-11.56540	RZ 	4160	21.14	 0.63	 1.09	 7.67	 1176.0	 10.0
189.87871	-11.43621	RZ 	4180	19.21	 0.82	 1.36	13.21	  158.0	 19.0
189.87775	-11.64466	RZ 	4191	20.64	 0.75	 1.23	 7.16	   98.5	  8.5
189.87675	-11.55168	RZ 	4201	19.29	 0.65	 1.07	 8.30	   64.0	 39.0
189.87575	-11.60382	RZ 	4206	19.71	 0.70	 1.16	 7.26	  952.8	  6.3
189.87237	-11.49259	RZ 	4247	19.65	 0.66	 1.11	10.75	 1019.5	 47.1
190.25150	-11.54917	RZ 	 425	19.51	 0.99	 1.67	15.57	   32.0	 26.0
189.86854	-11.59849	RZ 	4283	23.17	 0.85	 1.41	 7.73	  373.0	 33.0
189.86779	-11.87912	RZ 	4287	20.55	 0.95	 1.55	17.15	  139.0	 33.0
189.86604	-11.61071	RZ 	4301	20.73	 0.68	 1.09	 7.77	  210.0	 23.0
189.86558	-11.68658	RZ 	4303	19.91	 0.80	 1.32	 8.64	 1070.0	 31.2
190.25100	-11.42899	RZ 	 431	19.97	 0.94	 1.56	18.91	  157.4	 11.4
189.86458	-11.63480	RZ 	4318	19.48	 0.61	 1.02	 7.85	  -38.0	 42.0
189.86421	-11.46632	RZ 	4324	21.21	 0.72	 1.19	12.25	 1784.0	 11.0
189.86154	-11.75692	RZ 	4352	21.93	 0.70	 1.21	11.33	  276.4	 21.2
190.25058	-11.61360	RZ 	 436	19.43	 0.80	 1.22	14.88	  137.0	 29.0
189.86037	-11.58971	RZ 	4367	21.69	 0.86	 1.41	 8.31	  143.0	 19.0
189.85604	-11.75599	RZ 	4404	21.03	 1.02	 1.65	11.52	   47.0	 49.0
189.85558	-11.34470	RZ 	4412	21.11	 0.57	 0.94	18.68	  220.2	 12.1
190.25000	-11.60428	RZ 	 442	19.27	 0.68	 1.10	14.88	    0.0	 20.0
189.84871	-11.76976	RZ 	4470	20.91	 0.57	 0.95	12.41	  173.2	  6.9
189.84621	-11.67871	RZ 	4487	21.83	 0.96	 1.56	 9.50	 1275.1	  6.4
190.24912	-11.89862	RZ 	 449	20.62	 0.83	 1.41	22.17	  205.0	 59.0
189.84558	-11.56990	RZ 	4495	22.10	 0.76	 1.31	 9.49	  939.0	 34.0
189.84258	-11.65419	RZ 	4523	21.04	 0.73	 1.24	 9.30	 1132.9	 18.8
189.84204	-11.76732	RZ 	4530	19.97	 0.83	 1.35	12.59	  -20.0	 30.0
189.84167	-11.62011	RZ 	4537	20.58	 0.60	 1.06	 9.17	  195.0	 51.9
189.83987	-11.62251	RZ 	4553	19.29	 0.77	 1.35	 9.27	  130.0	 27.0
189.83858	-11.52316	RZ 	4571	21.59	 0.90	 1.49	11.11	 1909.0	 11.7
189.83025	-11.79800	RZ 	4647	20.01	 0.69	 1.08	14.38	  307.0	 37.0
189.82896	-11.56734	RZ 	4662	21.46	 0.82	 1.34	10.46	  925.0	 33.0
189.82804	-11.66786	RZ 	4671	21.11	 0.77	 1.28	10.32	  405.0	 51.0
189.82762	-11.63610	RZ 	4676	20.75	 0.69	 1.12	10.02	  -28.7	 57.7
189.82758	-11.41784	RZ 	4679	20.93	 0.64	 1.12	15.86	 1063.0	126.8
189.82712	-11.51596	RZ 	4682	20.16	 0.68	 1.16	11.91	 1020.5	 58.8
189.82692	-11.48396	RZ 	4686	20.93	 0.98	 1.61	13.05	  275.8	  6.7
189.82246	-11.85678	RZ 	4728	19.23	 0.88	 1.44	17.39	   95.0	 21.0
189.82229	-11.38255	RZ 	4737	21.54	 0.67	 1.12	17.74	  229.9	  9.9
189.82125	-11.86943	RZ 	4739	21.61	 0.77	 1.29	18.05	  282.4	 20.4
189.82158	-11.40549	RZ 	4743	21.48	 0.80	 1.34	16.66	10433.2	 10.9
189.81983	-11.77979	RZ 	4755	21.97	 0.78	 1.29	14.05	 1325.9	 48.7
189.81792	-11.89683	RZ 	4766	19.84	 0.85	 1.36	19.52	  236.0	 32.0
189.81737	-11.50421	RZ 	4774	21.63	 0.97	 1.55	12.77	  267.4	  8.9
189.81642	-11.66199	RZ 	4784	19.66	 0.81	 1.32	10.90	  217.3	  7.1
189.81592	-11.33987	RZ 	4800	19.43	 0.83	 1.38	20.07	  142.0	 26.0
189.81371	-11.71886	RZ 	4814	20.89	 0.59	 1.06	12.24	 1368.1	  9.5
189.81029	-11.46845	RZ 	4844	20.62	 1.00	 1.66	14.40	  267.4	  6.2
189.80921	-11.54590	RZ 	4856	21.62	 0.65	 1.13	12.00	  271.4	  6.8
189.80596	-11.83516	RZ 	4884	20.60	 0.65	 1.12	16.99	 1238.5	 57.4
189.80362	-11.38223	RZ 	4915	21.34	 0.73	 1.22	18.41	  152.0	 13.1
189.80283	-11.40708	RZ 	4919	21.84	 0.56	 1.02	17.30	  276.0	  7.2
189.80054	-11.76917	RZ 	4941	21.49	 0.60	 1.02	14.52	  155.3	  8.2
189.79879	-11.73128	RZ 	4958	20.08	 0.91	 1.48	13.36	   91.0	 26.0
189.79900	-11.39728	RZ 	4960	19.12	 1.04	 1.74	17.89	   28.0	 32.0
189.79842	-11.56683	RZ 	4966	19.73	 0.66	 1.15	12.19	 1047.5	 27.0
189.79475	-11.88001	RZ 	4992	21.53	 0.68	 1.09	19.48	  186.8	  6.8
189.79242	-11.77278	RZ 	5006	19.37	 1.04	 1.73	15.03	  -13.0	 24.0
189.78975	-11.88444	RZ 	5023	19.64	 0.53	 0.88	19.87	   68.0	 43.0
189.79017	-11.45997	RZ 	5024	19.41	 1.00	 1.69	15.64	   99.0	 33.0
189.78929	-11.73209	RZ 	5028	21.75	 0.78	 1.30	13.88	  282.3	  7.2
189.78604	-11.53580	RZ 	5055	20.43	 0.72	 1.19	13.50	  178.5	  6.2
189.78358	-11.85017	RZ 	5076	21.06	 0.68	 1.15	18.54	  286.8	  6.9
189.78150	-11.71779	RZ 	5097	19.33	 0.64	 1.06	13.91	   94.0	 29.0
189.77654	-11.77884	RZ 	5129	21.00	 0.56	 0.95	16.00	  289.7	  6.2
189.77100	-11.41913	RZ 	5173	21.73	 0.60	 1.12	18.09	  285.3	  8.2
189.76933	-11.84814	RZ 	5184	19.89	 0.90	 1.48	19.03	  166.0	 28.0
189.76921	-11.39008	RZ 	5192	20.58	 0.55	 0.93	19.39	  456.0	 62.0
189.75904	-11.35056	RZ 	5275	20.00	 0.50	 0.90	21.55	  434.0	 94.0
189.75596	-11.78084	RZ 	5289	20.11	 0.64	 1.10	17.06	 1092.5	 58.6
189.75408	-11.48400	RZ 	5312	21.66	 0.76	 1.32	16.57	  285.9	  5.5
189.75367	-11.47858	RZ 	5315	19.26	 0.98	 1.63	16.76	   10.0	 30.0
189.75287	-11.58833	RZ 	5319	21.40	 0.88	 1.45	14.54	 1061.2	 50.3
190.23612	-11.56478	RZ 	 539	21.49	 0.57	 0.93	14.45	  292.2	 10.5
189.74183	-11.86257	RZ 	5390	19.25	 0.61	 1.04	20.79	  270.0	 23.0
189.73829	-11.69970	RZ 	5423	20.60	 0.61	 1.04	15.92	  139.0	 67.0
189.73533	-11.35098	RZ 	5452	19.97	 0.71	 1.17	22.46	  210.2	 11.2
189.73404	-11.50967	RZ 	5460	21.40	 0.67	 1.07	16.92	  197.8	  9.7
189.73071	-11.45746	RZ 	5489	20.38	 0.65	 1.04	18.58	  303.0	 56.0
190.31113	-11.62350	RZ 	  55	21.55	 0.77	 1.30	18.42	  261.0	  8.6
190.23471	-11.75655	RZ 	 550	20.19	 0.72	 1.16	16.07	  193.0	 49.0
189.72708	-11.82286	RZ 	5516	19.71	 0.89	 1.50	19.90	  148.0	 26.0
189.72654	-11.66833	RZ 	5520	20.41	 0.65	 1.10	16.16	  276.8	  6.3
189.72054	-11.61080	RZ 	5572	20.30	 0.82	 1.29	16.30	  270.4	  5.5
189.72033	-11.65552	RZ 	5574	20.98	 0.91	 1.46	16.41	  117.0	 45.0
189.71712	-11.47139	RZ 	5595	21.86	 0.87	 1.48	18.84	  276.2	  6.1
189.71450	-11.81484	RZ 	5605	19.59	 0.55	 0.95	20.22	  177.0	 33.0
189.71400	-11.88017	RZ 	5613	21.11	 0.66	 1.10	22.70	  279.2	  6.4
189.71187	-11.70256	RZ 	5635	20.87	 0.73	 1.20	17.45	   92.0	 33.0
189.70896	-11.33995	RZ 	5678	20.79	 0.74	 1.23	24.02	 1237.6	 13.5
190.23154	-11.55908	RZ 	 572	19.52	 0.68	 1.12	14.28	  -34.0	 20.0
190.23133	-11.82007	RZ 	 573	19.25	 0.87	 1.43	18.11	   -7.0	 21.0
190.23087	-11.75321	RZ 	 578	21.06	 0.68	 1.08	15.77	  203.1	 53.9
190.22400	-11.61879	RZ 	 630	19.70	 0.58	 0.97	13.31	  222.0	 29.0
190.22050	-11.62199	RZ 	 658	20.72	 0.85	 1.40	13.10	 1200.6	  9.7
190.22017	-11.85947	RZ 	 661	20.30	 0.61	 1.01	19.29	  399.0	 56.0
190.21758	-11.84797	RZ 	 682	21.01	 0.69	 1.13	18.68	  681.7	 54.1
190.21471	-11.47867	RZ 	 708	19.47	 0.88	 1.53	15.43	  128.0	 30.0
190.21404	-11.71359	RZ 	 714	19.42	 0.79	 1.27	13.83	  240.0	 39.0
190.21333	-11.78509	RZ 	 718	20.73	 0.58	 1.02	15.97	 -143.0	 66.0
190.21275	-11.58240	RZ 	 722	19.58	 0.73	 1.20	12.88	   28.0	 21.0
190.20825	-11.85752	RZ 	 760	21.12	 0.58	 0.98	18.73	  300.8	  8.0
190.19371	-11.35678	RZ 	 852	21.54	 0.66	 1.11	19.71	  267.4	  5.4
190.19100	-11.53161	RZ 	 866	19.04	 0.57	 0.97	12.62	   78.0	 18.0
190.19042	-11.90141	RZ 	 870	21.25	 0.73	 1.17	20.18	  149.5	 14.9
190.18758	-11.84000	RZ 	 888	21.75	 0.93	 1.49	17.14	  284.7	  6.0
190.18717	-11.91714	RZ 	 891	19.09	 0.76	 1.22	20.86	   38.0	 37.0
190.18708	-11.71734	RZ 	 893	19.53	 0.90	 1.47	12.49	   27.0	 31.0
190.31617	-11.56033	RZ 	   9	20.02	 0.93	 1.65	19.10	   68.0	 30.0
190.18517	-11.42875	RZ 	 906	19.49	 0.52	 0.90	16.05	  314.0	 49.0
190.18450	-11.67542	RZ 	 914	21.84	 0.55	 1.00	11.42	  278.5	  5.9
190.18375	-11.57942	RZ 	 919	20.06	 1.04	 1.72	11.25	  278.0	 43.0
190.18337	-11.77800	RZ 	 922	20.76	 0.81	 1.34	14.33	  233.0	 60.0
190.18167	-11.33041	RZ 	 939	19.47	 0.98	 1.64	20.63	    7.0	 29.0
190.17179	-11.57583	RZ 	 997	19.18	 0.77	 1.30	10.62	  803.8	  8.4
190.04183	-11.63909	S  	   1	18.79	 0.75	 1.23	 2.77	 1328.0	  8.0
190.00037	-11.60254	S  	   3	18.94	 0.75	 1.23	 1.24	  392.0	  8.0
190.06079	-11.64111	S  	   4	18.98	 0.82	 1.33	 3.87	  999.0	  8.0
190.00021	-11.59803	S  	  17	19.65	 0.71	 1.20	 1.51	  622.0	 10.0
190.00121	-11.63189	S  	  27	19.90	 0.74	 1.22	 0.57	 1002.0	  5.7
190.05075	-11.62626	S  	  32	19.94	 0.81	 1.32	 3.13	  906.0	 15.0
189.97733	-11.61098	S  	  34	20.02	 0.72	 1.19	 1.40	 1161.0	  8.0
190.00437	-11.63251	S  	  35	20.04	 0.96	 1.52	 0.69	 1173.0	  8.0
189.99304	-11.64487	S  	  36	20.06	 0.67	 1.12	 1.34	 1066.0	 24.0
190.02579	-11.60286	S  	  37	20.09	 0.66	 1.14	 2.05	  686.0	  8.0
189.97812	-11.60718	S  	  38	20.11	 0.75	 1.24	 1.49	 1097.0	  8.0
189.99712	-11.64108	S  	  42	20.20	 0.94	 1.47	 1.08	  947.8	  7.2
189.96817	-11.64635	S  	  43	20.20	 0.71	 1.20	 2.22	 1585.0	  8.0
190.01337	-11.60121	S  	  49	20.27	 0.82	 1.35	 1.60	  826.1	  6.5
189.98517	-11.63379	S  	  50	20.29	 0.77	 1.25	 0.98	 1309.0	  8.0
189.98717	-11.63884	S  	  57	20.38	 1.00	 1.57	 1.13	 1017.0	  8.0
189.97767	-11.60071	S  	  62	20.43	 0.99	 1.57	 1.78	 1037.0	  8.0
189.97529	-11.60135	S  	  65	20.44	 0.88	 1.43	 1.85	  994.0	  7.6
189.99754	-11.60887	S  	  66	20.45	 0.92	 1.46	 0.85	 1107.0	  8.0
189.94679	-11.62998	S  	  70	20.49	 0.64	 1.08	 3.02	  990.0	 11.0
189.97467	-11.59867	S  	  72	20.54	 0.70	 1.18	 1.99	 1314.0	  8.0
189.97054	-11.59854	S  	  75	20.57	 0.94	 1.51	 2.17	 1264.0	  8.0
190.02067	-11.60594	S  	  76	20.58	 0.68	 1.15	 1.70	 1456.2	 10.3
189.97350	-11.61695	S  	  79	20.63	 0.79	 1.29	 1.46	 1257.0	 12.0
189.98642	-11.61127	S  	  85	20.72	 0.86	 1.38	 0.97	  841.0	  8.0
189.95392	-11.62774	S  	  95	20.77	 0.72	 1.21	 2.58	  932.0	  9.0
190.01258	-11.64607	S  	  97	20.78	 0.78	 1.27	 1.64	  845.7	  8.9
190.01742	-11.59478	S  	 102	20.82	 0.70	 1.17	 2.06	  885.0	 24.0
189.97517	-11.60985	S  	 106	20.84	 0.77	 1.27	 1.54	  787.0	  8.0
189.96967	-11.63982	S  	 111	20.87	 0.98	 1.55	 1.93	  861.0	 10.0
190.00500	-11.64614	S  	 123	20.98	 0.88	 1.43	 1.45	  897.0	 10.0
190.00917	-11.64722	S  	 126	21.02	 1.01	 1.56	 1.60	  789.0	 15.0
189.99625	-11.60563	S  	 132	21.04	 0.77	 1.25	 1.05	  908.0	 23.0
190.00658	-11.60469	S  	 144	21.12	 0.90	 1.44	 1.22	  957.5	 12.7
189.96517	-11.57279	S  	 145	21.14	 0.75	 1.24	 3.57	  936.0	 12.0
189.99967	-11.61494	S  	 149	21.17	 0.83	 1.36	 0.50	 1081.0	 11.0
190.00258	-11.61821	S  	 150	21.18	 0.74	 1.20	 0.41	 1182.0	  8.0
190.04808	-11.61804	S  	 159	21.25	 0.67	 1.14	 2.98	 1448.0	 11.0
190.00762	-11.63988	S  	 160	21.26	 0.70	 1.16	 1.17	 1128.0	 14.0
189.98300	-11.61234	S  	 161	21.26	 0.95	 1.48	 1.07	 1101.0	 23.0
189.99554	-11.61521	S  	 181	21.36	 0.98	 1.55	 0.49	 1018.0	  8.0
190.01954	-11.64132	S  	 184	21.37	 0.88	 1.43	 1.69	  750.0	 10.0
189.99175	-11.63322	S  	 193	21.41	 0.73	 1.21	 0.70	 1101.2	  8.0
189.98254	-11.63886	S  	 199	21.43	 0.71	 1.22	 1.30	 1060.0	 14.0
189.99496	-11.60767	S  	 208	21.48	 0.86	 1.40	 0.94	  947.0	 17.0
189.98683	-11.61264	S  	 218	21.54	 0.70	 1.18	 0.89	  543.0	 37.0
189.94558	-11.62046	S  	 219	21.55	 0.67	 1.13	 3.06	 1582.0	 16.0
190.01954	-11.61211	S  	 222	21.57	 0.84	 1.40	 1.45	  731.0	 15.0
190.01021	-11.59877	S  	 228	21.60	 0.94	 1.49	 1.63	 1098.0	 25.0
189.98658	-11.59830	S  	 231	21.62	 0.92	 1.48	 1.62	 1264.0	  9.0
189.94508	-11.60781	S  	 241	21.67	 0.94	 1.52	 3.22	  737.0	  9.0
190.00021	-11.64104	S  	 255	21.73	 0.90	 1.44	 1.09	 1166.0	 17.0
190.00783	-11.63456	S  	 263	21.74	 0.98	 1.57	 0.91	  700.0	 11.0
189.98296	-11.60751	S  	 271	21.80	 0.77	 1.27	 1.27	  821.0	 22.0
189.97762	-11.63297	S  	 272	21.80	 0.68	 1.15	 1.32	 1477.0	 14.0
189.99342	-11.64994	S  	 277	21.84	 0.74	 1.25	 1.63	 1145.0	  9.0
190.00887	-11.61692	S  	 279	21.85	 0.95	 1.52	 0.76	 1438.0	  8.0
190.00663	-11.63320	S  	 310	21.96	 0.93	 1.49	 0.81	 1214.0	 10.0
190.03004	-11.61768	S  	 317	21.98	 0.78	 1.28	 1.93	 1011.0	 21.0
189.97492	-11.64782	S  	 333	22.04	 0.91	 1.45	 2.00	 1082.0	 10.0
190.04796	-11.65503	S  	 357	22.11	 0.91	 1.44	 3.53	 1120.0	 12.0
190.01404	-11.60866	S  	 362	22.14	 0.87	 1.40	 1.30	 1450.0	 34.0
190.02246	-11.63306	S  	 367	22.16	 0.65	 1.16	 1.58	 1315.0	 28.0
189.99896	-11.63174	S  	 369	22.17	 0.94	 1.50	 0.53	 1635.0	 14.0
189.96363	-11.58208	S  	 370	22.17	 0.67	 1.13	 3.17	 1169.0	  8.0
189.99517	-11.63650	S  	 383	22.21	 0.94	 1.49	 0.82	  990.0	 22.0
190.03221	-11.63731	S  	 387	22.25	 0.67	 1.11	 2.21	 1224.0	 15.0
189.95283	-11.59432	S  	 392	22.26	 0.71	 1.23	 3.15	 1415.2	  7.4
189.94983	-11.61622	S  	 433	22.42	 0.64	 1.10	 2.84	  735.0	 17.0
189.98271	-11.66618	S  	 448	22.48	 1.02	 1.61	 2.73	  896.0	 24.0
190.01471	-11.63071	S  	 526	22.84	 0.76	 1.34	 1.10	 2285.0	 36.0
189.99292	-11.61885	S  	 565	23.14	 0.93	 1.45	 0.37	 1086.0	 17.0
189.92237	-11.58151	S  	 591	23.30	 0.93	 1.50	 5.08	 1323.0	  8.0
189.97571	-11.63711	S  	 612	23.53	 0.61	 1.03	 1.54	 1691.0	 19.0
190.05071	-11.68022	1- 	  10	  0   	   0  	   0  	 4.64	  -51.0	 21.0
190.05262	-11.58278	1- 	  13	  0   	    0 	    0 	 4.04	  219.0	 78.0
189.98475	-11.64081	1- 	  19	20.71	 0.79	 1.33	 1.31	  573.0	 21.0
190.03025	-11.65672	1- 	  22	   0  	   0  	   0  	 2.79	  131.0	 43.0
189.91442	-11.68106	1- 	  27	   0  	   0  	   0  	 6.00	 -233.0	 26.0
190.05617	-11.65358	1- 	  29	20.97	 1.08	 1.75	 3.90	  853.0	 31.0
190.00596	-11.60942	1- 	  33	  0   	   0  	   0  	 0.95	  448.0	141.0
189.95950	-11.55161	1- 	  37	  0   	   0  	   0  	 4.84	 2456.0	 24.0
190.01158	-11.57722	1- 	   6	  0   	   0  	   0  	 2.87	  109.0	 20.0
190.02042	-11.56797	1- 	   9	   0  	   0  	   0  	 3.57	  194.0	 29.0
190.03500	-11.56614	2- 	  11	20.89	 0.51	 0.99	 4.06	 1411.0	 56.0
189.96992	-11.60517	2- 	  16	20.77	 0.41	 0.72	 1.95	  875.0	 22.0
190.06392	-11.69825	2- 	   9	  0   	   0  	   0  	 5.96	  -83.0	 25.0
190.00437	-11.61503	C- 	  32	20.38	 0.75	 1.27	 0.62	 1055.0	 24.0
190.01037	-11.61869	C- 	  42	21.19	 0.71	 1.23	 0.79	 1225.0	 26.0
190.01104	-11.61136	C- 	  59	21.14	 0.93	 1.50	 1.06	 1034.0	 19.0
190.01075	-11.60769	C- 	  64	21.10	 0.67	 1.19	 1.20	  865.0	 16.0
190.01412	-11.59889	C- 	  76	21.36	 0.61	 1.10	 1.74	 1563.0	 77.0
189.99671	-11.63875	C- 	 132	20.91	 0.87	 1.41	 0.94	  679.0	 15.0
189.99721	-11.64550	C- 	 137	21.10	 0.93	 1.52	 1.35	  919.0	 30.0
190.00862	-11.55450	H2-	  22	19.10	 0.57	 0.90	 4.16	 1274.0	 17.0

